userId,productId,quantity,unitPrice
de0aecfc-a892-4120-9db6-1a05fb812258,PROD-001,4,50.13
c4a1b7d4-75e1-4188-823c-e50690380dc2,PROD-020,3,62.61
d74b85eb-a208-45b8-b515-e9aae6e1e3e6,PROD-013,9,22.69
de0aecfc-a892-4120-9db6-1a05fb812258,PROD-015,3,17.00
d74b85eb-a208-45b8-b515-e9aae6e1e3e6,PROD-011,6,55.24
c4a1b7d4-75e1-4188-823c-e50690380dc2,PROD-007,5,91.05
de0aecfc-a892-4120-9db6-1a05fb812258,PROD-006,9,21.89
c4a1b7d4-75e1-4188-823c-e50690380dc2,PROD-003,6,9.76
c4a1b7d4-75e1-4188-823c-e50690380dc2,PROD-017,9,86.79
d74b85eb-a208-45b8-b515-e9aae6e1e3e6,PROD-017,1,14.12
de0aecfc-a892-4120-9db6-1a05fb812258,PROD-002,2,82.92
d74b85eb-a208-45b8-b515-e9aae6e1e3e6,PROD-015,5,73.65
c4a1b7d4-75e1-4188-823c-e50690380dc2,PROD-013,4,10.77
c4a1b7d4-75e1-4188-823c-e50690380dc2,PROD-003,6,48.55
c4a1b7d4-75e1-4188-823c-e50690380dc2,PROD-013,3,28.67
de0aecfc-a892-4120-9db6-1a05fb812258,PROD-007,4,80.17
de0aecfc-a892-4120-9db6-1a05fb812258,PROD-009,2,84.95
d74b85eb-a208-45b8-b515-e9aae6e1e3e6,PROD-015,6,86.44
d74b85eb-a208-45b8-b515-e9aae6e1e3e6,PROD-004,10,37.83
c4a1b7d4-75e1-4188-823c-e50690380dc2,PROD-020,8,79.75
de0aecfc-a892-4120-9db6-1a05fb812258,PROD-014,10,78.50
c4a1b7d4-75e1-4188-823c-e50690380dc2,PROD-018,2,33.22
d74b85eb-a208-45b8-b515-e9aae6e1e3e6,PROD-017,8,17.23
d74b85eb-a208-45b8-b515-e9aae6e1e3e6,PROD-007,4,9.17
de0aecfc-a892-4120-9db6-1a05fb812258,PROD-002,5,71.14
c4a1b7d4-75e1-4188-823c-e50690380dc2,PROD-017,6,17.70
de0aecfc-a892-4120-9db6-1a05fb812258,PROD-003,4,22.86
de0aecfc-a892-4120-9db6-1a05fb812258,PROD-001,6,16.26
c4a1b7d4-75e1-4188-823c-e50690380dc2,PROD-003,4,85.51
de0aecfc-a892-4120-9db6-1a05fb812258,PROD-016,8,44.82
c4a1b7d4-75e1-4188-823c-e50690380dc2,PROD-019,6,64.33
de0aecfc-a892-4120-9db6-1a05fb812258,PROD-019,9,73.06
c4a1b7d4-75e1-4188-823c-e50690380dc2,PROD-005,5,59.10
d74b85eb-a208-45b8-b515-e9aae6e1e3e6,PROD-019,8,65.00
de0aecfc-a892-4120-9db6-1a05fb812258,PROD-008,3,47.64
d74b85eb-a208-45b8-b515-e9aae6e1e3e6,PROD-001,2,80.90
d74b85eb-a208-45b8-b515-e9aae6e1e3e6,PROD-020,7,73.76
d74b85eb-a208-45b8-b515-e9aae6e1e3e6,PROD-005,4,18.31
c4a1b7d4-75e1-4188-823c-e50690380dc2,PROD-019,3,70.79
de0aecfc-a892-4120-9db6-1a05fb812258,PROD-009,9,17.72
d74b85eb-a208-45b8-b515-e9aae6e1e3e6,PROD-015,6,34.42
de0aecfc-a892-4120-9db6-1a05fb812258,PROD-017,10,11.70
c4a1b7d4-75e1-4188-823c-e50690380dc2,PROD-006,6,33.63
c4a1b7d4-75e1-4188-823c-e50690380dc2,PROD-019,7,91.68
d74b85eb-a208-45b8-b515-e9aae6e1e3e6,PROD-004,2,16.97
de0aecfc-a892-4120-9db6-1a05fb812258,PROD-006,10,11.68
c4a1b7d4-75e1-4188-823c-e50690380dc2,PROD-014,2,6.40
de0aecfc-a892-4120-9db6-1a05fb812258,PROD-009,8,71.44
c4a1b7d4-75e1-4188-823c-e50690380dc2,PROD-009,2,50.77
d74b85eb-a208-45b8-b515-e9aae6e1e3e6,PROD-014,5,52.60
de0aecfc-a892-4120-9db6-1a05fb812258,PROD-019,7,29.73
de0aecfc-a892-4120-9db6-1a05fb812258,PROD-020,7,24.10
c4a1b7d4-75e1-4188-823c-e50690380dc2,PROD-004,7,71.33
d74b85eb-a208-45b8-b515-e9aae6e1e3e6,PROD-019,5,39.96
de0aecfc-a892-4120-9db6-1a05fb812258,PROD-009,2,19.64
c4a1b7d4-75e1-4188-823c-e50690380dc2,PROD-007,1,68.62
c4a1b7d4-75e1-4188-823c-e50690380dc2,PROD-006,5,89.16
de0aecfc-a892-4120-9db6-1a05fb812258,PROD-015,5,91.66
c4a1b7d4-75e1-4188-823c-e50690380dc2,PROD-007,10,80.40
d74b85eb-a208-45b8-b515-e9aae6e1e3e6,PROD-009,8,18.24
d74b85eb-a208-45b8-b515-e9aae6e1e3e6,PROD-013,4,70.08
c4a1b7d4-75e1-4188-823c-e50690380dc2,PROD-017,7,9.87
c4a1b7d4-75e1-4188-823c-e50690380dc2,PROD-018,8,85.31
de0aecfc-a892-4120-9db6-1a05fb812258,PROD-013,10,97.93
de0aecfc-a892-4120-9db6-1a05fb812258,PROD-020,1,53.84
d74b85eb-a208-45b8-b515-e9aae6e1e3e6,PROD-011,7,37.96
de0aecfc-a892-4120-9db6-1a05fb812258,PROD-006,1,84.71
d74b85eb-a208-45b8-b515-e9aae6e1e3e6,PROD-017,10,14.79
de0aecfc-a892-4120-9db6-1a05fb812258,PROD-011,6,36.62
d74b85eb-a208-45b8-b515-e9aae6e1e3e6,PROD-004,4,16.83
c4a1b7d4-75e1-4188-823c-e50690380dc2,PROD-018,8,29.60
de0aecfc-a892-4120-9db6-1a05fb812258,PROD-004,9,45.35
c4a1b7d4-75e1-4188-823c-e50690380dc2,PROD-012,3,66.27
c4a1b7d4-75e1-4188-823c-e50690380dc2,PROD-010,5,89.43
c4a1b7d4-75e1-4188-823c-e50690380dc2,PROD-019,1,18.92
c4a1b7d4-75e1-4188-823c-e50690380dc2,PROD-009,10,22.27
de0aecfc-a892-4120-9db6-1a05fb812258,PROD-010,9,65.56
c4a1b7d4-75e1-4188-823c-e50690380dc2,PROD-005,8,40.14
c4a1b7d4-75e1-4188-823c-e50690380dc2,PROD-013,3,14.10
d74b85eb-a208-45b8-b515-e9aae6e1e3e6,PROD-011,3,35.40
d74b85eb-a208-45b8-b515-e9aae6e1e3e6,PROD-013,2,36.20
de0aecfc-a892-4120-9db6-1a05fb812258,PROD-019,1,13.94
d74b85eb-a208-45b8-b515-e9aae6e1e3e6,PROD-005,10,81.71
de0aecfc-a892-4120-9db6-1a05fb812258,PROD-001,9,86.79
d74b85eb-a208-45b8-b515-e9aae6e1e3e6,PROD-014,4,83.69
d74b85eb-a208-45b8-b515-e9aae6e1e3e6,PROD-004,8,61.89
d74b85eb-a208-45b8-b515-e9aae6e1e3e6,PROD-012,7,8.93
d74b85eb-a208-45b8-b515-e9aae6e1e3e6,PROD-010,4,37.81
d74b85eb-a208-45b8-b515-e9aae6e1e3e6,PROD-017,1,29.34
d74b85eb-a208-45b8-b515-e9aae6e1e3e6,PROD-003,1,60.03
d74b85eb-a208-45b8-b515-e9aae6e1e3e6,PROD-003,51,60.03
d74b85eb-a208-45b8-b515-e9aae6e1e3e6,PROD-018,7,42.42
de0aecfc-a892-4120-9db6-1a05fb812258,PROD-007,7,83.16
de0aecfc-a892-4120-9db6-1a05fb812258,PROD-013,2,72.67